{
    "name": "Learn with Sumit - Dracula version",
    "type": "dark",
    "semanticClass": "theme.lws",
    "semanticHighlighting": true,
    "lws": {
        "base": [
            "#282A36",
            "#F8F8F2",
            "#44475A",
            "#6272A4",
            "#8BE9FD",
            "#50FA7B",
            "#FFB86C",
            "#FF79C6",
            "#BD93F9",
            "#FF5555",
            "#F1FA8C"
        ],
        "ansi": [
            "#21222C",
            "#FF5555",
            "#50FA7B",
            "#F1FA8C",
            "#BD93F9",
            "#FF79C6",
            "#8BE9FD",
            "#F8F8F2",
            "#6272A4",
            "#FF6E6E",
            "#69FF94",
            "#FFFFA5",
            "#D6ACFF",
            "#FF92DF",
            "#A4FFFF",
            "#FFFFFF"
        ],
        "brightOther": ["#E9F284", "#8BE9FE"],
        "other": [
            "#44475A75",
            "#FFFFFF1A",
            "#FFFFFF",
            "#44475A70",
            "#424450",
            "#343746",
            "#21222C",
            "#191A21"
        ]
    },
    "colors": {
        "activityBar.background": "#171c2a",
        "activityBar.border": "#0e0e12",
        "activityBar.foreground": "#989eb3",
        "activityBar.inactiveForeground": "#868d9cAA",
        "activityBarBadge.background": "#989eb3",
        "activityBarBadge.foreground": "#11141f",
        "badge.background": "#989eb3",
        "badge.foreground": "#11141f",
        "breadcrumbPicker.background": "#171c2a",
        "button.background": "#989eb3",
        "button.foreground": "#11141f",
        "extensionButton.prominentBackground": "#989eb39d",
        "extensionButton.prominentForeground": "#11141f",
        "extensionButton.prominentHoverBackground": "#989eb3",
        "charts.foreground": "#FFFFFFcc",
        "charts.lines": "#FFFFFFcc",
        "charts.red": "#fc6a67",
        "charts.blue": "#78dce8",
        "charts.yellow": "#ffd866",
        "charts.orange": "#fc9867",
        "charts.green": "#a9dc76",
        "charts.purple": "#e991e3",
        "contrastActiveBorder": "#00000000",
        "errorForeground": "#E35535",
        "focusBorder": "#989eb340",
        "foreground": "#FFFFFFcc",
        "selection.background": "#989eb360",
        "widget.shadow": "#0e0e12",
        "icon.foreground": "#FFFFFFcc",
        "debugExceptionWidget.background": "#363a4a",
        "debugExceptionWidget.border": "#0e0e12",
        "debugToolBar.background": "#363a4a",
        "descriptionForeground": "#FFFFFFcc",
        "diffEditor.border": "#0e0e12",
        "diffEditor.insertedTextBackground": "#52AB6230",
        "diffEditor.insertedTextBorder": "#00000000",
        "diffEditor.removedTextBackground": "#E3553530",
        "diffEditor.removedTextBorder": "#00000000",
        "diffEditor.diagonalFill": "#363a4a",
        "dropdown.background": "#171c2a",
        "dropdown.border": "#868d9caa",
        "dropdown.foreground": "#FFFFFFcc",
        "editor.background": "#171c2a",
        "editor.findMatchBackground": "#989eb320",
        "editor.findMatchBorder": "#989eb360",
        "editor.findMatchHighlightBackground": "#989eb320",
        "editor.findMatchHighlightBorder": "#989eb340",
        "editor.foreground": "#FFFFFFcc",
        "editor.hoverHighlightBackground": "#989eb340",
        "editor.lineHighlightBackground": "#989eb30c",
        "editor.lineHighlightBorder": "#989eb31a",
        "editor.rangeHighlightBackground": "#989eb320",
        "editor.selectionBackground": "#989eb330",
        "editor.selectionForeground": "#989eb3",
        "editor.inactiveSelectionBackground": "#989eb320",
        "editor.selectionHighlightBorder": "#989eb360",
        "editor.selectionHighlightBackground": "#00000000",
        "editor.wordHighlightStrongBackground": "#989eb340",
        "editor.wordHighlightBackground": "#989eb320",
        "editorBracketMatch.background": "#989eb320",
        "editorBracketMatch.border": "#989eb340",
        "editorBracketHighlight.foreground1": "#87cefa",
        "editorBracketHighlight.foreground2": "#DA70D6",
        "editorBracketHighlight.foreground3": "#87cefa",
        "editorBracketHighlight.foreground4": "#DA70D6",
        "editorBracketHighlight.foreground5": "#87cefa",
        "editorBracketHighlight.foreground6": "#DA70D6",
        "editorCodeLens.foreground": "#FFFFFFcc",
        "editorCursor.foreground": "#ffd866",
        "editorGroup.border": "#0e0e12",
        "editorGroup.dropBackground": "#989eb315",
        "editorHoverWidget.background": "#363a4a",
        "editorHoverWidget.border": "#11141f",
        "editorIndentGuide.background": "#868d9c30",
        "editorIndentGuide.activeBackground": "#868d9cbb",
        "editorLink.activeForeground": "#FFFFFFcc",
        "editorWarning.border": "#00000000",
        "editorGutter.commentRangeForeground": "#363a4a",
        "sash.hoverBorder": "#989eb350",
        "editorMarkerNavigation.background": "#11141f",
        "editorMarkerNavigationError.background": "#E3553590",
        "editorMarkerNavigationWarning.background": "#fc6a6790",
        "editorWarning.foreground": "#ffd866",
        "editorWhitespace.foreground": "#868d9c60",
        "editorWidget.background": "#363a4a",
        "editorWidget.resizeBorder": "#989eb350",
        "editorGutter.background": "#171c2a",
        "editorGutter.addedBackground": "#52AB62cc",
        "editorGutter.deletedBackground": "#E35535cc",
        "editorGutter.modifiedBackground": "#00B3BDcc",
        "editorLineNumber.foreground": "#868d9c90",
        "editorLineNumber.activeForeground": "#868d9c",
        "input.background": "#00000000",
        "input.foreground": "#FFFFFF80",
        "input.border": "#989eb330",
        "input.placeholderForeground": "#989eb360",
        "inputOption.activeBorder": "#989eb3",
        "inputValidation.errorBackground": "#363a4a",
        "inputValidation.errorBorder": "#ffd866",
        "inputValidation.infoBackground": "#363a4a",
        "inputValidation.infoBorder": "#989eb3",
        "inputValidation.warningBackground": "#363a4a",
        "inputValidation.warningBorder": "#ffd866",
        "list.activeSelectionBackground": "#989eb345",
        "list.dropBackground": "#989eb315",
        "list.focusBackground": "#989eb340",
        "list.focusForeground": "#FFFFFF80",
        "list.errorForeground": "#E35535",
        "list.warningForeground": "#fc6a67",
        "list.highlightForeground": "#ffd866",
        "list.activeSelectionForeground": "#FFFFFFcc",
        "list.hoverBackground": "#0e0e1260",
        "list.hoverForeground": "#FFFFFFcc",
        "list.inactiveSelectionBackground": "#989eb345",
        "gitDecoration.modifiedResourceForeground": "#00B3BD",
        "gitDecoration.deletedResourceForeground": "#E35535",
        "gitDecoration.untrackedResourceForeground": "#52AB62",
        "gitDecoration.ignoredResourceForeground": "#868d9c",
        "gitDecoration.conflictingResourceForeground": "#989eb3",
        "menu.background": "#363a4a",
        "menu.foreground": "#FFFFFF80",
        "menu.separatorBackground": "#0e0e12",
        "menu.selectionBackground": "#989eb320",
        "menu.selectionForeground": "#FFFFFF80",
        "menubar.selectionBackground": "#363a4a",
        "menubar.selectionForeground": "#FFFFFF80",
        "merge.border": "#0e0e12",
        "merge.commonContentBackground": "#ffd86630",
        "merge.commonHeaderBackground": "#ffd86680",
        "merge.currentContentBackground": "#52AB6230",
        "merge.currentHeaderBackground": "#52AB6280",
        "merge.incomingContentBackground": "#00B3BD30",
        "merge.incomingHeaderBackground": "#00B3BD80",
        "editorOverviewRuler.border": "#0e0e12",
        "editorOverviewRuler.commonContentForeground": "#ffd866",
        "editorOverviewRuler.currentContentForeground": "#E35535",
        "editorOverviewRuler.incomingContentForeground": "#52AB62",
        "notificationCenterHeader.foreground": "#FFFFFF80",
        "notificationCenterHeader.background": "#363a4a",
        "notifications.foreground": "#FFFFFF80",
        "notifications.background": "#363a4a",
        "notifications.border": "#989eb350",
        "notificationLink.foreground": "#ffd866",
        "panel.background": "#11141f",
        "panel.border": "#0e0e12",
        "panelInput.border": "#868d9c",
        "panelSection.border": "#0e0e12",
        "panelTitle.activeBorder": "#00B3BD",
        "panelTitle.activeForeground": "#989eb3",
        "panelTitle.inactiveForeground": "#868d9c",
        "panelSectionHeader.background": "#868d9c20",
        "panelSectionHeader.foreground": "#FFFFFFcc",
        "panelSectionHeader.border": "#0e0e12",
        "peekView.border": "#989eb3",
        "peekViewEditor.background": "#363a4a40",
        "peekViewEditor.matchHighlightBackground": "#363a4a40",
        "peekViewResult.background": "#363a4a40",
        "peekViewResult.fileForeground": "#FFFFFFcc",
        "peekViewResult.lineForeground": "#FFFFFFcc",
        "peekViewResult.matchHighlightBackground": "#363a4a",
        "peekViewResult.selectionBackground": "#363a4a",
        "peekViewResult.selectionForeground": "#FFFFFFcc",
        "peekViewTitle.background": "#0e0e12",
        "peekViewTitleDescription.foreground": "#FFFFFFcc",
        "peekViewTitleLabel.foreground": "#FFFFFFcc",
        "peekViewEditorGutter.background": "#363a4a40",
        "editorMarkerNavigationInfo.background": "#00B3BD90",
        "pickerGroup.border": "#0e0e12",
        "pickerGroup.foreground": "#FFFFFFcc",
        "progressBar.background": "#ffd866",
        "scrollbar.shadow": "#0e0e12",
        "scrollbarSlider.activeBackground": "#989eb360",
        "scrollbarSlider.background": "#989eb340",
        "scrollbarSlider.hoverBackground": "#989eb350",
        "settings.modifiedItemIndicator": "#989eb3",
        "settings.headerForeground": "#989eb3",
        "sideBar.background": "#11141f",
        "sideBar.border": "#0e0e12",
        "sideBar.foreground": "#FFFFFFcc",
        "sideBarSectionHeader.background": "#11141f",
        "sideBarSectionHeader.foreground": "#FFFFFFcc",
        "sideBarSectionHeader.border": "#0e0e12",
        "sideBarTitle.foreground": "#868d9c",
        "tree.indentGuidesStroke": "#868d9c70",
        "statusBar.background": "#11141f",
        "statusBar.border": "#0e0e12",
        "statusBar.debuggingBackground": "#989eb344",
        "statusBar.debuggingForeground": "#FFFFFFcc",
        "statusBar.foreground": "#00B3BDcc",
        "statusBar.noFolderBackground": "#0e0e12",
        "statusBar.noFolderBorder": "#0e0e12",
        "statusBar.noFolderForeground": "#FFFFFFcc",
        "statusBarItem.activeBackground": "#363a4a",
        "statusBarItem.hoverBackground": "#868d9c30",
        "statusBarItem.prominentBackground": "#0e0e12",
        "statusBarItem.prominentHoverBackground": "#363a4a",
        "statusBarItem.errorBackground": "#fc6a67",
        "editorSuggestWidget.background": "#171c2a",
        "editorSuggestWidget.border": "#0e0e12",
        "editorSuggestWidget.foreground": "#FFFFFF80",
        "editorSuggestWidget.highlightForeground": "#ffd866",
        "editorSuggestWidget.selectedBackground": "#989eb34d",
        "editorGroupHeader.noTabsBackground": "#171c2a",
        "editorGroupHeader.tabsBackground": "#11141f",
        "editorGroupHeader.tabsBorder": "#00000000",
        "editorGroupHeader.border": "#00000000",
        "tab.activeBackground": "#171c2a",
        "tab.activeForeground": "#989eb3",
        "tab.activeBorderTop": "#989eb3",
        "tab.border": "#00000000",
        "tab.hoverBorder": "#00000000",
        "tab.hoverBackground": "#171c2acc",
        "tab.unfocusedHoverBackground": "#989eb310",
        "tab.unfocusedHoverBorder": "#00000000",
        "tab.inactiveBackground": "#11141f",
        "tab.inactiveForeground": "#868d9c",
        "tab.unfocusedActiveForeground": "#FFFFFFcc",
        "tab.unfocusedInactiveForeground": "#FFFFFFcc",
        "tab.lastPinnedBorder": "#0e0e12",
        "terminal.ansiBlack": "#171c2a",
        "terminal.ansiRed": "#E35535",
        "terminal.ansiGreen": "#52AB62",
        "terminal.ansiYellow": "#ffd866",
        "terminal.ansiBlue": "#00B3BD",
        "terminal.ansiMagenta": "#e991e3",
        "terminal.ansiCyan": "#78e8c6",
        "terminal.ansiWhite": "#FFFFFFcc",
        "terminal.ansiBrightBlack": "#00B3BD",
        "terminal.ansiBrightRed": "#E35535",
        "terminal.ansiBrightGreen": "#52AB62",
        "terminal.ansiBrightYellow": "#ffd866",
        "terminal.ansiBrightBlue": "#00B3BD",
        "terminal.ansiBrightMagenta": "#e991e3",
        "terminal.ansiBrightCyan": "#78e8c6",
        "terminal.ansiBrightWhite": "#00B3BD",
        "terminal.background": "#11141f",
        "terminalCursor.background": "#ffd866",
        "terminalCursor.foreground": "#ffd866",
        "textBlockQuote.background": "#00B3BD34",
        "textBlockQuote.border": "#00B3BDb9",
        "textCodeBlock.background": "#00B3BD34",
        "textLink.activeForeground": "#00B3BD",
        "textLink.foreground": "#00B3BD",
        "textPreformat.foreground": "#ffd866",
        "textSeparator.foreground": "#989eb3",
        "walkThrough.embeddedEditorBackground": "#171c2a",
        "titleBar.activeBackground": "#11141f",
        "titleBar.activeForeground": "#868d9c",
        "titleBar.inactiveBackground": "#0e0e12",
        "titleBar.inactiveForeground": "#868d9c",
        "titleBar.border": "#0e0e12"
    },
    "tokenColors": [
        {
            "scope": ["strong"],
            "settings": {
                "fontStyle": "bold"
            }
        },
        {
            "scope": ["header"],
            "settings": {
                "foreground": "#BD93F9"
            }
        },
        {
            "scope": ["source"],
            "settings": {
                "foreground": "#F8F8F2"
            }
        },
        {
            "scope": ["meta.diff", "meta.diff.header"],
            "settings": {
                "foreground": "#6272A4"
            }
        },
        {
            "scope": ["markup.inserted"],
            "settings": {
                "foreground": "#50FA7B"
            }
        },
        {
            "scope": ["markup.deleted"],
            "settings": {
                "foreground": "#FF5555"
            }
        },
        {
            "scope": ["markup.changed"],
            "settings": {
                "foreground": "#FFB86C"
            }
        },
        {
            "scope": ["invalid"],
            "settings": {
                "foreground": "#FF5555",
                "fontStyle": "underline italic"
            }
        },
        {
            "scope": ["invalid.deprecated"],
            "settings": {
                "foreground": "#F8F8F2",
                "fontStyle": "underline italic"
            }
        },
        {
            "scope": ["entity.name.filename"],
            "settings": {
                "foreground": "#F1FA8C"
            }
        },
        {
            "scope": ["markup.error"],
            "settings": {
                "foreground": "#FF5555"
            }
        },
        {
            "name": "Underlined markup",
            "scope": ["markup.underline"],
            "settings": {
                "fontStyle": "underline"
            }
        },
        {
            "name": "Bold markup",
            "scope": ["markup.bold"],
            "settings": {
                "fontStyle": "bold",
                "foreground": "#FFB86C"
            }
        },
        {
            "name": "Markup headings",
            "scope": ["markup.heading"],
            "settings": {
                "fontStyle": "bold",
                "foreground": "#BD93F9"
            }
        },
        {
            "name": "Markup italic",
            "scope": ["markup.italic"],
            "settings": {
                "foreground": "#F1FA8C",
                "fontStyle": "italic"
            }
        },
        {
            "name": "Bullets, lists (prose)",
            "scope": [
                "beginning.punctuation.definition.list.markdown",
                "beginning.punctuation.definition.quote.markdown",
                "punctuation.definition.link.restructuredtext"
            ],
            "settings": {
                "foreground": "#8BE9FD"
            }
        },
        {
            "name": "Inline code (prose)",
            "scope": ["markup.inline.raw", "markup.raw.restructuredtext"],
            "settings": {
                "foreground": "#50FA7B"
            }
        },
        {
            "name": "Links (prose)",
            "scope": ["markup.underline.link", "markup.underline.link.image"],
            "settings": {
                "foreground": "#8BE9FD"
            }
        },
        {
            "name": "Link text, image alt text (prose)",
            "scope": [
                "meta.link.reference.def.restructuredtext",
                "punctuation.definition.directive.restructuredtext",
                "string.other.link.description",
                "string.other.link.title"
            ],
            "settings": {
                "foreground": "#FF79C6"
            }
        },
        {
            "name": "Blockquotes (prose)",
            "scope": ["entity.name.directive.restructuredtext", "markup.quote"],
            "settings": {
                "foreground": "#F1FA8C",
                "fontStyle": "italic"
            }
        },
        {
            "name": "Horizontal rule (prose)",
            "scope": ["meta.separator.markdown"],
            "settings": {
                "foreground": "#6272A4"
            }
        },
        {
            "name": "Code blocks",
            "scope": [
                "fenced_code.block.language",
                "markup.raw.inner.restructuredtext",
                "markup.fenced_code.block.markdown punctuation.definition.markdown"
            ],
            "settings": {
                "foreground": "#50FA7B"
            }
        },
        {
            "name": "Prose constants",
            "scope": ["punctuation.definition.constant.restructuredtext"],
            "settings": {
                "foreground": "#BD93F9"
            }
        },
        {
            "name": "Braces in markdown headings",
            "scope": [
                "markup.heading.markdown punctuation.definition.string.begin",
                "markup.heading.markdown punctuation.definition.string.end"
            ],
            "settings": {
                "foreground": "#BD93F9"
            }
        },
        {
            "name": "Braces in markdown paragraphs",
            "scope": [
                "meta.paragraph.markdown punctuation.definition.string.begin",
                "meta.paragraph.markdown punctuation.definition.string.end"
            ],
            "settings": {
                "foreground": "#F8F8F2"
            }
        },
        {
            "name": "Braces in markdown blockquotes",
            "scope": [
                "markup.quote.markdown meta.paragraph.markdown punctuation.definition.string.begin",
                "markup.quote.markdown meta.paragraph.markdown punctuation.definition.string.end"
            ],
            "settings": {
                "foreground": "#F1FA8C"
            }
        },
        {
            "name": "User-defined class names",
            "scope": ["entity.name.type.class", "entity.name.class"],
            "settings": {
                "foreground": "#8BE9FD",
                "fontStyle": ""
            }
        },
        {
            "name": "this, super, self, etc.",
            "scope": [
                "keyword.expressions-and-types.swift",
                "keyword.other.this",
                "variable.language",
                "variable.language punctuation.definition.variable.php",
                "variable.other.readwrite.instance.ruby",
                "variable.parameter.function.language.special"
            ],
            "settings": {
                "foreground": "#BD93F9"
            }
        },
        {
            "name": "Inherited classes",
            "scope": ["entity.other.inherited-class"],
            "settings": {
                "foreground": "#8BE9FD"
            }
        },
        {
            "name": "Comments",
            "scope": [
                "comment",
                "punctuation.definition.comment",
                "unused.comment",
                "wildcard.comment"
            ],
            "settings": {
                "foreground": "#6272A4"
            }
        },
        {
            "name": "JSDoc-style keywords",
            "scope": [
                "comment keyword.codetag.notation",
                "comment.block.documentation keyword",
                "comment.block.documentation storage.type.class"
            ],
            "settings": {
                "foreground": "#FF79C6"
            }
        },
        {
            "name": "JSDoc-style types",
            "scope": ["comment.block.documentation entity.name.type"],
            "settings": {
                "foreground": "#8BE9FD"
            }
        },
        {
            "name": "JSDoc-style type brackets",
            "scope": [
                "comment.block.documentation entity.name.type punctuation.definition.bracket"
            ],
            "settings": {
                "foreground": "#8BE9FD"
            }
        },
        {
            "name": "JSDoc-style comment parameters",
            "scope": ["comment.block.documentation variable"],
            "settings": {
                "foreground": "#FFB86C",
                "fontStyle": "italic"
            }
        },
        {
            "name": "Constants",
            "scope": ["constant", "variable.other.constant"],
            "settings": {
                "foreground": "#BD93F9"
            }
        },
        {
            "name": "Constant escape sequences",
            "scope": [
                "constant.character.escape",
                "constant.character.string.escape",
                "constant.regexp"
            ],
            "settings": {
                "foreground": "#FF79C6"
            }
        },
        {
            "name": "HTML tags",
            "scope": ["entity.name.tag"],
            "settings": {
                "foreground": "#FF79C6"
            }
        },
        {
            "name": "CSS attribute parent selectors ('&')",
            "scope": ["entity.other.attribute-name.parent-selector"],
            "settings": {
                "foreground": "#FF79C6"
            }
        },
        {
            "name": "HTML/CSS attribute names",
            "scope": ["entity.other.attribute-name"],
            "settings": {
                "foreground": "#50FA7B"
            }
        },
        {
            "name": "Function names",
            "scope": [
                "entity.name.function",
                "meta.function-call.generic",
                "meta.function-call.object",
                "meta.function-call.php",
                "meta.function-call.static",
                "meta.method-call.java meta.method",
                "meta.method.groovy",
                "support.function.any-method.lua",
                "keyword.operator.function.infix"
            ],
            "settings": {
                "foreground": "#50FA7B"
            }
        },
        {
            "name": "Function parameters",
            "scope": [
                "entity.name.variable.parameter",
                "meta.at-rule.function variable",
                "meta.at-rule.mixin variable",
                "meta.function.arguments variable.other.php",
                "meta.selectionset.graphql meta.arguments.graphql variable.arguments.graphql",
                "variable.parameter"
            ],
            "settings": {
                "foreground": "#FFB86C"
            }
        },
        {
            "name": "Decorators",
            "scope": [
                "meta.decorator variable.other.readwrite",
                "meta.decorator variable.other.property"
            ],
            "settings": {
                "foreground": "#50FA7B"
            }
        },
        {
            "name": "Decorator Objects",
            "scope": ["meta.decorator variable.other.object"],
            "settings": {
                "foreground": "#50FA7B"
            }
        },
        {
            "name": "Keywords",
            "scope": ["keyword", "punctuation.definition.keyword"],
            "settings": {
                "foreground": "#FF79C6"
            }
        },
        {
            "name": "Keyword \"new\"",
            "scope": ["keyword.control.new", "keyword.operator.new"],
            "settings": {
                "fontStyle": "bold"
            }
        },
        {
            "name": "Generic selectors (CSS/SCSS/Less/Stylus)",
            "scope": ["meta.selector"],
            "settings": {
                "foreground": "#FF79C6"
            }
        },
        {
            "name": "Language Built-ins",
            "scope": ["support"],
            "settings": {
                "foreground": "#8BE9FD"
            }
        },
        {
            "name": "Built-in magic functions and constants",
            "scope": [
                "support.function.magic",
                "support.variable",
                "variable.other.predefined"
            ],
            "settings": {
                "fontStyle": "",
                "foreground": "#BD93F9"
            }
        },
        {
            "name": "Built-in functions / properties",
            "scope": ["support.function", "support.type.property-name"],
            "settings": {
                "fontStyle": ""
            }
        },
        {
            "name": "Separators (key/value, namespace, inheritance, pointer, hash, slice, etc)",
            "scope": [
                "constant.other.symbol.hashkey punctuation.definition.constant.ruby",
                "entity.other.attribute-name.placeholder punctuation",
                "entity.other.attribute-name.pseudo-class punctuation",
                "entity.other.attribute-name.pseudo-element punctuation",
                "meta.group.double.toml",
                "meta.group.toml",
                "meta.object-binding-pattern-variable punctuation.destructuring",
                "punctuation.colon.graphql",
                "punctuation.definition.block.scalar.folded.yaml",
                "punctuation.definition.block.scalar.literal.yaml",
                "punctuation.definition.block.sequence.item.yaml",
                "punctuation.definition.entity.other.inherited-class",
                "punctuation.function.swift",
                "punctuation.separator.dictionary.key-value",
                "punctuation.separator.hash",
                "punctuation.separator.inheritance",
                "punctuation.separator.key-value",
                "punctuation.separator.key-value.mapping.yaml",
                "punctuation.separator.namespace",
                "punctuation.separator.pointer-access",
                "punctuation.separator.slice",
                "string.unquoted.heredoc punctuation.definition.string",
                "support.other.chomping-indicator.yaml",
                "punctuation.separator.annotation"
            ],
            "settings": {
                "foreground": "#FF79C6"
            }
        },
        {
            "name": "Brackets, braces, parens, etc.",
            "scope": [
                "keyword.operator.other.powershell",
                "keyword.other.statement-separator.powershell",
                "meta.brace.round",
                "meta.function-call punctuation",
                "punctuation.definition.arguments.begin",
                "punctuation.definition.arguments.end",
                "punctuation.definition.entity.begin",
                "punctuation.definition.entity.end",
                "punctuation.definition.tag.cs",
                "punctuation.definition.type.begin",
                "punctuation.definition.type.end",
                "punctuation.section.scope.begin",
                "punctuation.section.scope.end",
                "storage.type.generic.java",
                "string.template meta.brace",
                "string.template punctuation.accessor"
            ],
            "settings": {
                "foreground": "#F8F8F2"
            }
        },
        {
            "name": "Variable interpolation operators",
            "scope": [
                "meta.string-contents.quoted.double punctuation.definition.variable",
                "punctuation.definition.interpolation.begin",
                "punctuation.definition.interpolation.end",
                "punctuation.definition.template-expression.begin",
                "punctuation.definition.template-expression.end",
                "punctuation.section.embedded.begin",
                "punctuation.section.embedded.coffee",
                "punctuation.section.embedded.end",
                "punctuation.section.embedded.end source.php",
                "punctuation.section.embedded.end source.ruby",
                "punctuation.definition.variable.makefile"
            ],
            "settings": {
                "foreground": "#FF79C6"
            }
        },
        {
            "name": "Keys (serializable languages)",
            "scope": [
                "entity.name.function.target.makefile",
                "entity.name.section.toml",
                "entity.name.tag.yaml",
                "variable.other.key.toml"
            ],
            "settings": {
                "foreground": "#8BE9FD"
            }
        },
        {
            "name": "Dates / timestamps (serializable languages)",
            "scope": ["constant.other.date", "constant.other.timestamp"],
            "settings": {
                "foreground": "#FFB86C"
            }
        },
        {
            "name": "YAML aliases",
            "scope": ["variable.other.alias.yaml"],
            "settings": {
                "fontStyle": "italic underline",
                "foreground": "#50FA7B"
            }
        },
        {
            "name": "Storage",
            "scope": [
                "storage",
                "meta.implementation storage.type.objc",
                "meta.interface-or-protocol storage.type.objc",
                "source.groovy storage.type.def"
            ],
            "settings": {
                "fontStyle": "",
                "foreground": "#FF79C6"
            }
        },
        {
            "name": "Types",
            "scope": [
                "entity.name.type",
                "keyword.primitive-datatypes.swift",
                "keyword.type.cs",
                "meta.protocol-list.objc",
                "meta.return-type.objc",
                "source.go storage.type",
                "source.groovy storage.type",
                "source.java storage.type",
                "source.powershell entity.other.attribute-name",
                "storage.class.std.rust",
                "storage.type.attribute.swift",
                "storage.type.c",
                "storage.type.core.rust",
                "storage.type.cs",
                "storage.type.groovy",
                "storage.type.objc",
                "storage.type.php",
                "storage.type.haskell",
                "storage.type.ocaml"
            ],
            "settings": {
                "foreground": "#8BE9FD"
            }
        },
        {
            "name": "Generics, templates, and mapped type declarations",
            "scope": [
                "entity.name.type.type-parameter",
                "meta.indexer.mappedtype.declaration entity.name.type",
                "meta.type.parameters entity.name.type"
            ],
            "settings": {
                "foreground": "#FFB86C"
            }
        },
        {
            "name": "Modifiers",
            "scope": ["storage.modifier"],
            "settings": {
                "foreground": "#FF79C6"
            }
        },
        {
            "name": "RegExp string",
            "scope": [
                "string.regexp",
                "constant.other.character-class.set.regexp",
                "constant.character.escape.backslash.regexp"
            ],
            "settings": {
                "foreground": "#F1FA8C"
            }
        },
        {
            "name": "Non-capture operators",
            "scope": ["punctuation.definition.group.capture.regexp"],
            "settings": {
                "foreground": "#FF79C6"
            }
        },
        {
            "name": "RegExp start and end characters",
            "scope": [
                "string.regexp punctuation.definition.string.begin",
                "string.regexp punctuation.definition.string.end"
            ],
            "settings": {
                "foreground": "#FF5555"
            }
        },
        {
            "name": "Character group",
            "scope": ["punctuation.definition.character-class.regexp"],
            "settings": {
                "foreground": "#8BE9FD"
            }
        },
        {
            "name": "Capture groups",
            "scope": ["punctuation.definition.group.regexp"],
            "settings": {
                "foreground": "#FFB86C"
            }
        },
        {
            "name": "Assertion operators",
            "scope": [
                "punctuation.definition.group.assertion.regexp",
                "keyword.operator.negation.regexp"
            ],
            "settings": {
                "foreground": "#FF5555"
            }
        },
        {
            "name": "Positive lookaheads",
            "scope": ["meta.assertion.look-ahead.regexp"],
            "settings": {
                "foreground": "#50FA7B"
            }
        },
        {
            "name": "Strings",
            "scope": ["string"],
            "settings": {
                "foreground": "#F1FA8C"
            }
        },
        {
            "name": "String quotes (temporary vscode fix)",
            "scope": [
                "punctuation.definition.string.begin",
                "punctuation.definition.string.end"
            ],
            "settings": {
                "foreground": "#E9F284"
            }
        },
        {
            "name": "Property quotes (temporary vscode fix)",
            "scope": [
                "punctuation.support.type.property-name.begin",
                "punctuation.support.type.property-name.end"
            ],
            "settings": {
                "foreground": "#8BE9FE"
            }
        },
        {
            "name": "Docstrings",
            "scope": [
                "string.quoted.docstring.multi",
                "string.quoted.docstring.multi.python punctuation.definition.string.begin",
                "string.quoted.docstring.multi.python punctuation.definition.string.end",
                "string.quoted.docstring.multi.python constant.character.escape"
            ],
            "settings": {
                "foreground": "#6272A4"
            }
        },
        {
            "name": "Variables and object properties",
            "scope": [
                "variable",
                "constant.other.key.perl",
                "support.variable.property",
                "variable.other.constant.js",
                "variable.other.constant.ts",
                "variable.other.constant.tsx"
            ],
            "settings": {
                "foreground": "#F8F8F2"
            }
        },
        {
            "name": "Destructuring / aliasing reference name (LHS)",
            "scope": [
                "meta.import variable.other.readwrite",
                "meta.object-binding-pattern-variable variable.object.property",
                "meta.variable.assignment.destructured.object.coffee variable"
            ],
            "settings": {
                "foreground": "#FFB86C"
            }
        },
        {
            "name": "Destructuring / aliasing variable name (RHS)",
            "scope": [
                "meta.import variable.other.readwrite.alias",
                "meta.export variable.other.readwrite.alias",
                "meta.variable.assignment.destructured.object.coffee variable variable"
            ],
            "settings": {
                "fontStyle": "",
                "foreground": "#F8F8F2"
            }
        },
        {
            "name": "GraphQL keys",
            "scope": ["meta.selectionset.graphql variable"],
            "settings": {
                "foreground": "#F1FA8C"
            }
        },
        {
            "name": "GraphQL function arguments",
            "scope": ["meta.selectionset.graphql meta.arguments variable"],
            "settings": {
                "foreground": "#F8F8F2"
            }
        },
        {
            "name": "GraphQL fragment name (definition)",
            "scope": [
                "entity.name.fragment.graphql",
                "variable.fragment.graphql"
            ],
            "settings": {
                "foreground": "#8BE9FD"
            }
        },
        {
            "name": "Edge cases (foreground color resets)",
            "scope": [
                "constant.other.symbol.hashkey.ruby",
                "keyword.operator.dereference.java",
                "keyword.operator.navigation.groovy",
                "meta.scope.for-loop.shell punctuation.definition.string.begin",
                "meta.scope.for-loop.shell punctuation.definition.string.end",
                "meta.scope.for-loop.shell string",
                "storage.modifier.import",
                "punctuation.section.embedded.begin.tsx",
                "punctuation.section.embedded.end.tsx",
                "punctuation.section.embedded.begin.jsx",
                "punctuation.section.embedded.end.jsx",
                "punctuation.separator.list.comma.css",
                "constant.language.empty-list.haskell"
            ],
            "settings": {
                "foreground": "#F8F8F2"
            }
        },
        {
            "name": "Shell variables prefixed with \"$\" (edge case)",
            "scope": ["source.shell variable.other"],
            "settings": {
                "foreground": "#BD93F9"
            }
        },
        {
            "name": "Powershell constants mistakenly scoped to `support`, rather than `constant` (edge)",
            "scope": ["support.constant"],
            "settings": {
                "fontStyle": "",
                "foreground": "#BD93F9"
            }
        },
        {
            "name": "Makefile prerequisite names",
            "scope": ["meta.scope.prerequisites.makefile"],
            "settings": {
                "foreground": "#F1FA8C"
            }
        },
        {
            "name": "SCSS attibute selector strings",
            "scope": ["meta.attribute-selector.scss"],
            "settings": {
                "foreground": "#F1FA8C"
            }
        },
        {
            "name": "SCSS attribute selector brackets",
            "scope": [
                "punctuation.definition.attribute-selector.end.bracket.square.scss",
                "punctuation.definition.attribute-selector.begin.bracket.square.scss"
            ],
            "settings": {
                "foreground": "#F8F8F2"
            }
        },
        {
            "name": "Haskell Pragmas",
            "scope": ["meta.preprocessor.haskell"],
            "settings": {
                "foreground": "#6272A4"
            }
        }
    ]
}
