[{"identifier":{"id":"xabikos.javascriptsnippets","uuid":"a2cec723-5349-460d-9de9-0fd1f8d3456f"},"version":"1.8.0","location":{"$mid":1,"path":"/c:/Users/moksedul/.vscode/extensions/xabikos.javascriptsnippets-1.8.0","scheme":"file"},"relativeLocation":"xabikos.javascriptsnippets-1.8.0","metadata":{"id":"a2cec723-5349-460d-9de9-0fd1f8d3456f","publisherId":"8961c3fe-3ec6-429d-886a-50b5af362a88","publisherDisplayName":"charalampos karypidis","targetPlatform":"undefined","isApplicationScoped":false,"updated":false,"isPreReleaseVersion":false,"installedTimestamp":1681313952944,"preRelease":false}},{"identifier":{"id":"formulahendry.auto-rename-tag","uuid":"6e440e71-8ed9-4f25-bb78-4b13096b8a03"},"version":"0.1.10","location":{"$mid":1,"path":"/c:/Users/moksedul/.vscode/extensions/formulahendry.auto-rename-tag-0.1.10","scheme":"file"},"relativeLocation":"formulahendry.auto-rename-tag-0.1.10","metadata":{"id":"6e440e71-8ed9-4f25-bb78-4b13096b8a03","publisherId":"38bbe3f0-5204-4170-845e-c2f966d979b8","publisherDisplayName":"Jun Han","targetPlatform":"undefined","isApplicationScoped":false,"updated":false,"isPreReleaseVersion":false,"installedTimestamp":1681313977598,"preRelease":false}},{"identifier":{"id":"akhail.save-typing","uuid":"658b5664-4b80-4bba-9fb9-6e212e6d223d"},"version":"0.1.0","location":{"$mid":1,"path":"/c:/Users/moksedul/.vscode/extensions/akhail.save-typing-0.1.0","scheme":"file"},"relativeLocation":"akhail.save-typing-0.1.0","metadata":{"id":"658b5664-4b80-4bba-9fb9-6e212e6d223d","publisherId":"6a7b4e40-9af4-43a2-b83b-7049c943b4a2","publisherDisplayName":"Michel Betancourt","targetPlatform":"undefined","isApplicationScoped":false,"updated":false,"isPreReleaseVersion":false,"installedTimestamp":1681314163378,"preRelease":false}},{"identifier":{"id":"dzhavat.bracket-pair-toggler","uuid":"e052b2e6-71ab-4cb7-8a29-75d6e38ecb8d"},"version":"0.0.3","location":{"$mid":1,"path":"/c:/Users/moksedul/.vscode/extensions/dzhavat.bracket-pair-toggler-0.0.3","scheme":"file"},"relativeLocation":"dzhavat.bracket-pair-toggler-0.0.3","metadata":{"id":"e052b2e6-71ab-4cb7-8a29-75d6e38ecb8d","publisherId":"2797277f-872f-4cae-81df-5756e648c817","publisherDisplayName":"Dzhavat Ushev","targetPlatform":"undefined","isApplicationScoped":false,"updated":false,"isPreReleaseVersion":false,"installedTimestamp":1681314163477,"preRelease":false}},{"identifier":{"id":"visualstudioexptteam.intellicode-api-usage-examples","uuid":"9fa2a00e-3bfa-4c2a-abc4-a865bb2b5cf3"},"version":"0.2.7","location":{"$mid":1,"path":"/c:/Users/moksedul/.vscode/extensions/visualstudioexptteam.intellicode-api-usage-examples-0.2.7","scheme":"file"},"relativeLocation":"visualstudioexptteam.intellicode-api-usage-examples-0.2.7","metadata":{"id":"9fa2a00e-3bfa-4c2a-abc4-a865bb2b5cf3","publisherId":"e8db1608-52e8-4d8d-92a6-779c5db302a9","publisherDisplayName":"Microsoft","targetPlatform":"undefined","isApplicationScoped":false,"updated":false,"isPreReleaseVersion":false,"installedTimestamp":1681313906642,"preRelease":false}},{"identifier":{"id":"steoates.autoimport","uuid":"70378119-1d85-4935-9733-0298c7a369a2"},"version":"1.5.4","location":{"$mid":1,"path":"/c:/Users/moksedul/.vscode/extensions/steoates.autoimport-1.5.4","scheme":"file"},"relativeLocation":"steoates.autoimport-1.5.4","metadata":{"id":"70378119-1d85-4935-9733-0298c7a369a2","publisherId":"1a722173-f2b1-4848-8aa8-3c502753792f","publisherDisplayName":"steoates","targetPlatform":"undefined","isApplicationScoped":false,"updated":false,"isPreReleaseVersion":false,"installedTimestamp":1681314156209,"preRelease":false}},{"identifier":{"id":"janne252.fontawesome-autocomplete","uuid":"90654397-c9ac-47e8-ad5c-e5c1c7b7c94a"},"version":"1.3.1","location":{"$mid":1,"path":"/c:/Users/moksedul/.vscode/extensions/janne252.fontawesome-autocomplete-1.3.1","scheme":"file"},"relativeLocation":"janne252.fontawesome-autocomplete-1.3.1","metadata":{"id":"90654397-c9ac-47e8-ad5c-e5c1c7b7c94a","publisherId":"e2776955-3879-4d84-8900-0224d8ff2092","publisherDisplayName":"Janne252","targetPlatform":"undefined","isApplicationScoped":false,"updated":false,"isPreReleaseVersion":false,"installedTimestamp":1681314163664,"preRelease":false}},{"identifier":{"id":"ritwickdey.liveserver","uuid":"b63c44fd-0457-4696-99e9-dbfdf70d77de"},"version":"5.7.9","location":{"$mid":1,"path":"/c:/Users/moksedul/.vscode/extensions/ritwickdey.liveserver-5.7.9","scheme":"file"},"relativeLocation":"ritwickdey.liveserver-5.7.9","metadata":{"id":"b63c44fd-0457-4696-99e9-dbfdf70d77de","publisherId":"17fd9a78-e430-4a78-add2-ade4a8830352","publisherDisplayName":"Ritwick Dey","targetPlatform":"undefined","isApplicationScoped":false,"updated":false,"isPreReleaseVersion":false,"installedTimestamp":1681313836113,"preRelease":false}},{"identifier":{"id":"tomasvergara.vscode-fontawesome-gallery","uuid":"85f3cc8b-897e-48b7-b279-65cf051d198f"},"version":"0.0.7","location":{"$mid":1,"path":"/c:/Users/moksedul/.vscode/extensions/tomasvergara.vscode-fontawesome-gallery-0.0.7","scheme":"file"},"relativeLocation":"tomasvergara.vscode-fontawesome-gallery-0.0.7","metadata":{"id":"85f3cc8b-897e-48b7-b279-65cf051d198f","publisherId":"612094e8-3ffc-4921-a879-e23f23ad693a","publisherDisplayName":"tomasvergara","targetPlatform":"undefined","isApplicationScoped":false,"updated":false,"isPreReleaseVersion":false,"installedTimestamp":1681314163569,"preRelease":false}},{"identifier":{"id":"dsznajder.es7-react-js-snippets","uuid":"19804510-b475-4dae-b0f7-6ca08fd1af0c"},"version":"4.4.3","location":{"$mid":1,"path":"/c:/Users/moksedul/.vscode/extensions/dsznajder.es7-react-js-snippets-4.4.3","scheme":"file"},"relativeLocation":"dsznajder.es7-react-js-snippets-4.4.3","metadata":{"id":"19804510-b475-4dae-b0f7-6ca08fd1af0c","publisherId":"7ea644b4-2d93-4979-aac5-a12afebeb762","publisherDisplayName":"dsznajder","targetPlatform":"undefined","isApplicationScoped":false,"updated":false,"isPreReleaseVersion":false,"installedTimestamp":1681315422756,"preRelease":false}},{"identifier":{"id":"sumitsaha.learn-with-sumit-theme","uuid":"466e3c46-a580-40b7-97ed-c92be7fd4189"},"version":"10.3.0","location":{"$mid":1,"path":"/c:/Users/moksedul/.vscode/extensions/sumitsaha.learn-with-sumit-theme-10.3.0","scheme":"file"},"relativeLocation":"sumitsaha.learn-with-sumit-theme-10.3.0","metadata":{"id":"466e3c46-a580-40b7-97ed-c92be7fd4189","publisherId":"4afe2435-2478-470c-92f5-32f57daa1d50","publisherDisplayName":"Learn with Sumit","targetPlatform":"undefined","updated":false,"isPreReleaseVersion":false,"installedTimestamp":1681410173320,"preRelease":false}},{"identifier":{"id":"oderwat.indent-rainbow","uuid":"eaa2127d-cb69-4ab9-8505-a60c9ee5f28b"},"version":"8.3.1","location":{"$mid":1,"path":"/c:/Users/moksedul/.vscode/extensions/oderwat.indent-rainbow-8.3.1","scheme":"file"},"relativeLocation":"oderwat.indent-rainbow-8.3.1","metadata":{"id":"eaa2127d-cb69-4ab9-8505-a60c9ee5f28b","publisherId":"ac064ae0-224d-4351-9aa4-45ef7bf3ed21","publisherDisplayName":"oderwat","targetPlatform":"undefined","updated":false,"isPreReleaseVersion":false,"installedTimestamp":1681415749355,"preRelease":false}},{"identifier":{"id":"ecmel.vscode-html-css","uuid":"aaee577c-f062-495a-9816-0cbd442f1d25"},"version":"1.13.1","location":{"$mid":1,"path":"/c:/Users/moksedul/.vscode/extensions/ecmel.vscode-html-css-1.13.1","scheme":"file"},"relativeLocation":"ecmel.vscode-html-css-1.13.1","metadata":{"id":"aaee577c-f062-495a-9816-0cbd442f1d25","publisherId":"7aa35068-d7c4-4220-b9c1-10360795fd5f","publisherDisplayName":"ecmel","targetPlatform":"undefined","updated":false,"isPreReleaseVersion":false,"installedTimestamp":1681415794316,"preRelease":false}},{"identifier":{"id":"bradlc.vscode-tailwindcss","uuid":"4db62a7c-7d70-419c-96d2-6c3a4dc77ea5"},"version":"0.9.11","location":{"$mid":1,"path":"/c:/Users/moksedul/.vscode/extensions/bradlc.vscode-tailwindcss-0.9.11","scheme":"file"},"relativeLocation":"bradlc.vscode-tailwindcss-0.9.11","metadata":{"id":"4db62a7c-7d70-419c-96d2-6c3a4dc77ea5","publisherId":"84722833-669b-4c7d-920e-b60e43fae19a","publisherDisplayName":"Tailwind Labs","targetPlatform":"undefined","updated":false,"isPreReleaseVersion":false,"installedTimestamp":1681415847958,"preRelease":false}},{"identifier":{"id":"codemooseus.vscode-devtools-for-chrome","uuid":"c0327c8d-f70c-4f75-988a-f099b08fb582"},"version":"0.0.7","location":{"$mid":1,"path":"/c:/Users/moksedul/.vscode/extensions/codemooseus.vscode-devtools-for-chrome-0.0.7","scheme":"file"},"relativeLocation":"codemooseus.vscode-devtools-for-chrome-0.0.7","metadata":{"id":"c0327c8d-f70c-4f75-988a-f099b08fb582","publisherId":"4d58f736-4afd-4ba3-9884-3380918102a8","publisherDisplayName":"codemooseus","targetPlatform":"undefined","updated":false,"isPreReleaseVersion":false,"installedTimestamp":1681416052167,"preRelease":false}},{"identifier":{"id":"dbaeumer.vscode-eslint","uuid":"583b2b34-2c1e-4634-8c0b-0b82e283ea3a"},"version":"2.4.2","location":{"$mid":1,"path":"/c:/Users/moksedul/.vscode/extensions/dbaeumer.vscode-eslint-2.4.2","scheme":"file"},"relativeLocation":"dbaeumer.vscode-eslint-2.4.2","metadata":{"id":"583b2b34-2c1e-4634-8c0b-0b82e283ea3a","publisherId":"29859a75-d81b-4f0e-8578-2c80ecee6f99","publisherDisplayName":"Microsoft","targetPlatform":"undefined","isApplicationScoped":false,"updated":true,"isPreReleaseVersion":false,"installedTimestamp":1689870820665,"preRelease":false}},{"identifier":{"id":"vscode-icons-team.vscode-icons","uuid":"9ccc1dd7-7ec4-4a46-bd4f-7d7b8b9d322a"},"version":"12.4.0","location":{"$mid":1,"path":"/c:/Users/moksedul/.vscode/extensions/vscode-icons-team.vscode-icons-12.4.0","scheme":"file"},"relativeLocation":"vscode-icons-team.vscode-icons-12.4.0","metadata":{"id":"9ccc1dd7-7ec4-4a46-bd4f-7d7b8b9d322a","publisherId":"652ad61d-3a6a-48ca-ab1a-80dc8953b2b6","publisherDisplayName":"VSCode Icons Team","targetPlatform":"undefined","isApplicationScoped":false,"updated":true,"isPreReleaseVersion":false,"installedTimestamp":1689870820775,"preRelease":false}},{"identifier":{"id":"esbenp.prettier-vscode","uuid":"96fa4707-6983-4489-b7c5-d5ffdfdcce90"},"version":"9.19.0","location":{"$mid":1,"path":"/c:/Users/moksedul/.vscode/extensions/esbenp.prettier-vscode-9.19.0","scheme":"file"},"relativeLocation":"esbenp.prettier-vscode-9.19.0","metadata":{"id":"96fa4707-6983-4489-b7c5-d5ffdfdcce90","publisherId":"d16f4e39-2ffb-44e3-9c0d-79d873570e3a","publisherDisplayName":"Prettier","targetPlatform":"undefined","isApplicationScoped":false,"updated":true,"isPreReleaseVersion":false,"installedTimestamp":1689870820797,"preRelease":false}},{"identifier":{"id":"pranaygp.vscode-css-peek","uuid":"0b8f8d63-11a2-4194-969c-ca7488b3413a"},"version":"4.4.1","location":{"$mid":1,"path":"/c:/Users/moksedul/.vscode/extensions/pranaygp.vscode-css-peek-4.4.1","scheme":"file"},"relativeLocation":"pranaygp.vscode-css-peek-4.4.1","metadata":{"id":"0b8f8d63-11a2-4194-969c-ca7488b3413a","publisherId":"3975bc66-f8bb-46a9-b8b6-430f013e4fa5","publisherDisplayName":"Pranay Prakash","targetPlatform":"undefined","isApplicationScoped":false,"updated":true,"isPreReleaseVersion":false,"installedTimestamp":1689870820855,"preRelease":false}},{"identifier":{"id":"glenn2223.live-sass","uuid":"137c3643-510d-4a1f-a737-793c72e8b411"},"version":"6.0.6","location":{"$mid":1,"path":"/c:/Users/moksedul/.vscode/extensions/glenn2223.live-sass-6.0.6","scheme":"file"},"relativeLocation":"glenn2223.live-sass-6.0.6","metadata":{"id":"137c3643-510d-4a1f-a737-793c72e8b411","publisherId":"ee3335b0-2909-465b-ac95-ac4972a4bf1d","publisherDisplayName":"Glenn Marks","targetPlatform":"undefined","isApplicationScoped":false,"updated":true,"isPreReleaseVersion":false,"installedTimestamp":1689996030441,"preRelease":false}},{"identifier":{"id":"hoovercj.vscode-power-mode","uuid":"a27ff63d-ff11-478d-b1ab-19aa1ef19882"},"version":"3.0.2","location":{"$mid":1,"path":"/c:/Users/moksedul/.vscode/extensions/hoovercj.vscode-power-mode-3.0.2","scheme":"file"},"relativeLocation":"hoovercj.vscode-power-mode-3.0.2","metadata":{"id":"a27ff63d-ff11-478d-b1ab-19aa1ef19882","publisherId":"9ce6dd66-61b2-41ff-8680-39cba0813c3d","publisherDisplayName":"Cody Hoover","targetPlatform":"undefined","updated":false,"isPreReleaseVersion":false,"installedTimestamp":1690309027078,"preRelease":false}},{"identifier":{"id":"adpyke.codesnap","uuid":"8c1fc960-44b1-45e8-89b5-85f982fdaf27"},"version":"1.3.4","location":{"$mid":1,"path":"/c:/Users/moksedul/.vscode/extensions/adpyke.codesnap-1.3.4","scheme":"file"},"relativeLocation":"adpyke.codesnap-1.3.4","metadata":{"id":"8c1fc960-44b1-45e8-89b5-85f982fdaf27","publisherId":"8d7f2028-26ae-4724-8306-a1c8bb6c6794","publisherDisplayName":"adpyke","targetPlatform":"undefined","updated":false,"isPreReleaseVersion":false,"installedTimestamp":1690310343520,"preRelease":false}}]