{
    "name": "Learn with Sumit Blue Velvet Theme",
    "type": "dark",
    "semanticHighlighting": true,
    "colors": {
        "debugConsole.errorForeground": "#f81141",
        "debugConsole.infoForeground": "#3691ff",
        "debugConsole.sourceForeground": "#545862",
        "debugConsole.warningForeground": "#fd7e57",
        "debugConsoleInputIcon.foreground": "#2b72c9",
        "debugIcon.breakpointCurrentStackframeForeground": "#3691ff",
        "debugIcon.breakpointDisabledForeground": "#636d83",
        "debugIcon.breakpointForeground": "#ff6480",
        "debugIcon.breakpointUnverifiedForeground": "#ce9887",
        "debugIcon.breakpointStackframeForeground": "#3fc56b",
        "debugIcon.disconnectForeground": "#ff6480",
        "debugIcon.continueForeground": "#3fc56b",
        "debugIcon.pauseForeground": "#ce9887",
        "debugIcon.restartForeground": "#fd7e57",
        "debugIcon.startForeground": "#3fc56b",
        "debugIcon.stepBackForeground": "#3691ff",
        "debugIcon.stepIntoForeground": "#3691ff",
        "debugIcon.stepOutForeground": "#3691ff",
        "debugIcon.stepOverForeground": "#3691ff",
        "debugIcon.stopForeground": "#ff6480",
        "debugTokenExpression.boolean": "#0098DD",
        "debugTokenExpression.error": "#f81141",
        "debugTokenExpression.name": "#ce9887",
        "debugTokenExpression.number": "#ff78f8",
        "debugTokenExpression.string": "#f9c859",
        "debugTokenExpression.value": "#abb2bf",
        "debugView.exceptionLabelBackground": "#ff0000",
        "debugView.exceptionLabelForeground": "#f9f9f9",
        "debugView.stateLabelBackground": "#d5d7d8",
        "debugView.stateLabelForeground": "#383A42",
        "debugView.valueChangedHighlight": "#7A82DA",
        "diffEditor.diagonalFill": "#3d434f",
        "editorLightBulb.foreground": "#ffcc00",
        "editorLightBulbAutoFix.foreground": "#ffcc00",
        "symbolIcon.eventForeground": "#8bcdef",
        "symbolIcon.typeParameterForeground": "#8bcdef",
        "symbolIcon.fileForeground": "#abb2bf",
        "symbolIcon.folderForeground": "#abb2bf",
        "symbolIcon.arrayForeground": "#7A82DA",
        "symbolIcon.constantForeground": "#9f7efe",
        "symbolIcon.colorForeground": "#9f7efe",
        "symbolIcon.functionForeground": "#3fc56b",
        "symbolIcon.constructorForeground": "#0098DD",
        "symbolIcon.booleanForeground": "#0098DD",
        "symbolIcon.keywordForeground": "#0098DD",
        "symbolIcon.nullForeground": "#0098DD",
        "symbolIcon.methodForeground": "#3fc56b",
        "symbolIcon.enumeratorForeground": "#ff6480",
        "symbolIcon.classForeground": "#ff6480",
        "symbolIcon.interfaceForeground": "#ff6480",
        "symbolIcon.moduleForeground": "#ff6480",
        "symbolIcon.namespaceForeground": "#ff6480",
        "symbolIcon.structForeground": "#ff6480",
        "symbolIcon.numberForeground": "#ff78f8",
        "symbolIcon.objectForeground": "#abb2bf",
        "symbolIcon.operatorForeground": "#7A82DA",
        "symbolIcon.keyForeground": "#ce9887",
        "symbolIcon.propertyForeground": "#ce9887",
        "symbolIcon.fieldForeground": "#ce9887",
        "symbolIcon.enumeratorMemberForeground": "#ce9887",
        "symbolIcon.referenceForeground": "#abb2bf",
        "symbolIcon.textForeground": "#636d83",
        "symbolIcon.snippetForeground": "#636d83",
        "symbolIcon.variableForeground": "#abb2bf",
        "symbolIcon.stringForeground": "#f9c859",
        "symbolIcon.unitForeground": "#f9c859",
        "focusBorder": "#3691ff",
        "editor.background": "#282c34",
        "editorCursor.foreground": "#ffcc00",
        "editorCursor.background": "#282c34",
        "editor.foreground": "#abb2bf",
        "editor.lineHighlightBackground": "#2d333d",
        "editorLineNumber.foreground": "#636d83",
        "editorLineNumber.activeForeground": "#ffcc00",
        "button.background": "#2b72c9",
        "button.foreground": "#ffffff",
        "button.hoverBackground": "#3691ff",
        "button.secondaryBackground": "#2d333d",
        "button.secondaryHoverBackground": "#303842",
        "button.secondaryForeground": "#3691ff",
        "dropdown.listBackground": "#20242a",
        "dropdown.background": "#20242a",
        "dropdown.border": "#3d434f",
        "dropdown.foreground": "#abb2bf",
        "input.background": "#282c34",
        "input.border": "#3d434f",
        "input.foreground": "#abb2bf",
        "input.placeholderForeground": "#545862",
        "inputOption.activeBorder": "#3691ff",
        "inputOption.activeForeground": "#ffffff",
        "inputValidation.errorBackground": "#9c1e37",
        "inputValidation.errorBorder": "#ff2e3f",
        "inputValidation.warningBackground": "#da7a43",
        "inputValidation.warningBorder": "#ff936a",
        "inputValidation.infoBackground": "#2b72c9",
        "inputValidation.infoBorder": "#3691ff",
        "activityBar.background": "#2d333d",
        "activityBarBadge.background": "#3691ff",
        "activityBarBadge.foreground": "#ffffff",
        "badge.background": "#3691ff",
        "badge.foreground": "#ffffff",
        "list.activeSelectionBackground": "#2b72c9",
        "list.dropBackground": "#1f5392",
        "list.hoverBackground": "#2d333d",
        "quickInputList.focusBackground": "#3a3e68",
        "list.focusForeground": "#ffffff",
        "list.inactiveSelectionBackground": "#3f4451",
        "list.highlightForeground": "#10b1fe",
        "activityBar.foreground": "#abb2bf",
        "activityBar.activeBorder": "#3691ff",
        "sideBar.background": "#22252a",
        "sideBar.foreground": "#abb2bf",
        "sideBarTitle.foreground": "#abb2bf",
        "sideBarSectionHeader.background": "#303842",
        "sideBarSectionHeader.foreground": "#abb2bf",
        "editorGroup.emptyBackground": "#22252a",
        "editorGroupHeader.noTabsBackground": "#22252a",
        "editorGroupHeader.tabsBackground": "#22252a",
        "tab.activeForeground": "#abb2bf",
        "tab.inactiveBackground": "#25272d",
        "tab.inactiveForeground": "#636d83",
        "tab.activeBorderTop": "#3691ff",
        "tab.unfocusedActiveBorderTop": "#636d83",
        "tab.hoverBackground": "#2d333d",
        "tab.border": "#3d434f",
        "editor.findMatchBorder": "#ffcc00",
        "editorLink.activeForeground": "#3691ff",
        "editorWhitespace.foreground": "#3d434f",
        "editorRuler.foreground": "#3d434f",
        "editorIndentGuide.activeBackground": "#565e6e",
        "editorIndentGuide.background": "#3d434f",
        "editorBracketMatch.background": "#3d434f",
        "editorBracketMatch.border": "#3691ff",
        "editorBracketHighlight.foreground1": "#87cefa",
        "editorBracketHighlight.foreground2": "#DA70D6",
        "editorBracketHighlight.foreground3": "#87cefa",
        "editorBracketHighlight.foreground4": "#DA70D6",
        "editorBracketHighlight.foreground5": "#87cefa",
        "editorBracketHighlight.foreground6": "#DA70D6",
        "editorOverviewRuler.bracketMatchForeground": "#7a82da",
        "editorGutter.modifiedBackground": "#015f88",
        "editorGutter.addedBackground": "#237236",
        "editorGutter.deletedBackground": "#745b53",
        "editorWidget.background": "#22252a",
        "editorWidget.border": "#636d83",
        "debugExceptionWidget.background": "#9c1e37",
        "debugExceptionWidget.border": "#ff2e3f",
        "editorMarkerNavigation.background": "#282c34",
        "peekView.border": "#3691ff",
        "peekViewEditor.background": "#282c34",
        "peekViewEditor.matchHighlightBackground": "#24494a",
        "peekViewResult.background": "#22252a",
        "peekViewResult.fileForeground": "#abb2bf",
        "peekViewResult.lineForeground": "#abb2bf",
        "peekViewResult.matchHighlightBackground": "#24494a",
        "peekViewResult.selectionBackground": "#3691ff",
        "peekViewResult.selectionForeground": "#ffffff",
        "peekViewTitle.background": "#22252a",
        "peekViewTitleLabel.foreground": "#abb2bf",
        "peekViewTitleDescription.foreground": "#636d83",
        "panel.background": "#22252a",
        "panel.border": "#3d434f",
        "panelTitle.activeBorder": "#3691ff",
        "panelTitle.activeForeground": "#abb2c0",
        "panelTitle.inactiveForeground": "#797f8c",
        "statusBarItem.remoteBackground": "#262a30",
        "statusBarItem.remoteForeground": "#abb2bf",
        "statusBar.foreground": "#abb2bf",
        "statusBar.background": "#37404b",
        "statusBar.border": "#282c34",
        "statusBar.debuggingBackground": "#37404b",
        "statusBar.noFolderBackground": "#37404b",
        "statusBar.debuggingForeground": "#abb2bf",
        "statusBar.noFolderForeground": "#abb2bf",
        "titleBar.activeBackground": "#404753",
        "titleBar.activeForeground": "#abb2bf",
        "notifications.background": "#282c34",
        "notifications.foreground": "#abb2bf",
        "notificationCenter.border": "#3d434f",
        "notificationCenterHeader.background": "#303842",
        "notificationCenterHeader.foreground": "#abb2bf",
        "notificationLink.foreground": "#3691ff",
        "notifications.border": "#3d434f",
        "notificationToast.border": "#3d434f",
        "extensionButton.prominentBackground": "#25a45c",
        "extensionButton.prominentForeground": "#ffffff",
        "extensionButton.prominentHoverBackground": "#3fc56b",
        "terminal.ansiBlack": "#40444c",
        "terminal.ansiRed": "#f81141",
        "terminal.ansiGreen": "#23974a",
        "terminal.ansiYellow": "#fd7e57",
        "terminal.ansiBlue": "#285bff",
        "terminal.ansiMagenta": "#8c62fd",
        "terminal.ansiCyan": "#3a8ab2",
        "terminal.ansiWhite": "#cdd3e0",
        "terminal.ansiBrightBlack": "#8f9aae",
        "terminal.ansiBrightRed": "#fc4a6d",
        "terminal.ansiBrightGreen": "#37bd58",
        "terminal.ansiBrightYellow": "#f6be48",
        "terminal.ansiBrightBlue": "#199ffd",
        "terminal.ansiBrightMagenta": "#fc58f6",
        "terminal.ansiBrightCyan": "#50acae",
        "terminal.ansiBrightWhite": "#ffffff",
        "debugToolBar.background": "#25272d",
        "walkThrough.embeddedEditorBackground": "#22252a",
        "gitDecoration.modifiedResourceForeground": "#199ffd",
        "gitDecoration.deletedResourceForeground": "#745b53",
        "gitDecoration.untrackedResourceForeground": "#37bd58",
        "gitDecoration.addedResourceForeground": "#37bd58",
        "gitDecoration.submoduleResourceForeground": "#8c62fd",
        "gitDecoration.ignoredResourceForeground": "#71798a",
        "gitDecoration.conflictingResourceForeground": "#fc4a6d",
        "gitDecoration.stageDeletedResourceForeground": "#745b53",
        "gitDecoration.stageModifiedResourceForeground": "#199ffd",
        "list.warningForeground": "#da7a43",
        "list.errorForeground": "#ff2e3f",
        "editorError.foreground": "#ff2e3f",
        "editorWarning.foreground": "#da7a43",
        "editorInfo.foreground": "#3691ff",
        "editorHint.foreground": "#7a82da",
        "editorGroup.border": "#181a1d",
        "widget.shadow": "#22252a",
        "textBlockQuote.background": "#3d434f",
        "textBlockQuote.border": "#0099e1",
        "textCodeBlock.background": "#282c34",
        "textLink.activeForeground": "#3691ff",
        "textLink.foreground": "#3691ff",
        "textPreformat.foreground": "#ce9887",
        "textSeparator.foreground": "#3d434f",
        "editorPane.background": "#25272d",
        "editorCodeLens.foreground": "#636d83",
        "editorOverviewRuler.addedForeground": "#237236",
        "editorOverviewRuler.deletedForeground": "#745b53",
        "editorOverviewRuler.errorForeground": "#ff2e3f",
        "editorOverviewRuler.infoForeground": "#3691ff",
        "editorOverviewRuler.modifiedForeground": "#015f88",
        "editorOverviewRuler.warningForeground": "#da7a43",
        "errorForeground": "#ff2e3f",
        "foreground": "#abb2bf",
        "pickerGroup.border": "#3d434f",
        "pickerGroup.foreground": "#3691ff",
        "progressBar.background": "#3691ff",
        "selection.background": "#2b72c9",
        "sideBar.dropBackground": "#3f4451",
        "terminalCursor.foreground": "#ffcc00",
        "editorGroup.focusedEmptyBorder": "#3691ff",
        "sideBar.border": "#181a1d",
        "breadcrumb.activeSelectionForeground": "#2d93ff",
        "breadcrumb.focusForeground": "#abb2bf",
        "breadcrumb.foreground": "#636d83",
        "inputValidation.errorForeground": "#ffffff",
        "inputValidation.warningForeground": "#ffffff",
        "inputValidation.infoForeground": "#ffffff",
        "editor.snippetTabstopHighlightBorder": "#636d83",
        "editor.snippetFinalTabstopHighlightBorder": "#636d83",
        "listFilterWidget.noMatchesOutline": "#ff2e3f",
        "sash.hoverBorder": "#3691ff",
        "notebook.cellBorderColor": "#3d434f",
        "notebook.cellHoverBackground": "#2d333d",
        "notebook.cellStatusBarItemHoverBackground": "#2d333d",
        "notebook.cellToolbarSeparator": "#3d434f",
        "notebook.focusedCellBackground": "#22252a",
        "notebook.outputContainerBackgroundColor": "#22252a",
        "notebook.selectedCellBackground": "#22252a",
        "notebook.symbolHighlightBackground": "#3a3e68",
        "notebook.focusedCellBorder": "#3691ff",
        "notebook.inactiveFocusedCellBorder": "#797f8c",
        "notebook.inactiveSelectedCellBorder": "#3691ff",
        "notebookStatusErrorIcon.foreground": "#f81141",
        "notebookStatusRunningIcon.foreground": "#3691ff",
        "notebookStatusSuccessIcon.foreground": "#3fc56b",
        "charts.blue": "#285bff",
        "charts.green": "#3fc56b",
        "charts.orange": "#fd7e57",
        "charts.purple": "#8c62fd",
        "charts.red": "#fc4a6d",
        "charts.yellow": "#f6be48"
    },
    "tokenColors": [
        {
            "name": "Text",
            "scope": "comment.unused.elixir",
            "settings": {
                "foreground": "#abb2bf"
            }
        },
        {
            "name": "Comments",
            "scope": [
                "comment",
                "punctuation.definition.comment",
                "comment.block.documentation punctuation.definition",
                "string.comment",
                "comment.block.documentation",
                "comment.block"
            ],
            "settings": {
                "foreground": "#636d83"
            }
        },
        {
            "name": "Doc Comment Keywords",
            "scope": [
                "comment.block.documentation variable",
                "keyword.other.documentation",
                "storage.type.class.jsdoc",
                "comment.block variable.parameter",
                "keyword.other.phpdoc",
                "comment.block.documentation entity.name.type",
                "meta.other.type.phpdoc support class"
            ],
            "settings": {
                "foreground": "#7c8495"
            }
        },
        {
            "name": "Punctuation",
            "scope": [
                "punctuation.comma.graphql",
                "punctuation.definition.variable",
                "punctuation.definition.parameters",
                "punctuation.definition.array",
                "punctuation.definition.function",
                "punctuation.brace",
                "punctuation.terminator.statement",
                "punctuation.delimiter.object.comma",
                "punctuation.definition.entity",
                "punctuation.definition",
                "punctuation.definition.string.begin.markdown",
                "punctuation.definition.string.end.markdown",
                "punctuation.separator.key-value",
                "punctuation.separator.dictionary",
                "punctuation.terminator",
                "punctuation.delimiter.comma",
                "punctuation.separator.comma",
                "punctuation.accessor",
                "punctuation.separator.array",
                "punctuation.section",
                "punctuation.section.property-list.begin.bracket.curly",
                "punctuation.section.property-list.end.bracket.curly",
                "punctuation.separator.statement",
                "punctuation.section.array.elixir",
                "punctuation.separator.object.elixir",
                "punctuation.section.embedded.elixir",
                "punctuation.section.function.elixir",
                "punctuation.section.scope.elixir",
                "punctuation.separator.parameter",
                "meta.brace.round",
                "meta.brace.square",
                "meta.brace.curly",
                "constant.name.attribute.tag.pug",
                "punctuation.section.embedded",
                "punctuation.separator.method",
                "punctuation.separator",
                "punctuation.other.comma",
                "punctuation.bracket",
                "keyword.control.ternary",
                "string.interpolated.pug",
                "support.function.interpolation.sass",
                "punctuation.parenthesis.begin",
                "punctuation.parenthesis.end",
                "punctuation.operation.graphql",
                "punctuation.colon.graphql"
            ],
            "settings": {
                "foreground": "#7a82da"
            }
        },
        {
            "name": "Delimiters",
            "scope": "none",
            "settings": {
                "foreground": "#abb2bf"
            }
        },
        {
            "name": "Operators",
            "scope": "keyword.operator",
            "settings": {
                "foreground": "#7a82da"
            }
        },
        {
            "name": "Keywords",
            "scope": [
                "keyword",
                "keyword.operator.expression",
                "variable.language",
                "keyword.other.special-method.elixir",
                "meta.control.flow"
            ],
            "settings": {
                "foreground": "#10b1fe"
            }
        },
        {
            "name": "Primitive Type",
            "scope": "support.type.primitive",
            "settings": {
                "foreground": "#10b1fe"
            }
        },
        {
            "name": "Variables",
            "scope": [
                "variable",
                "source.elixir.embedded.source",
                "string source.groovy",
                "string meta.embedded.line.ruby"
            ],
            "settings": {
                "foreground": "#abb2bf"
            }
        },
        {
            "name": "Functions",
            "scope": [
                "entity.name.function",
                "meta.require",
                "support.function.any-method",
                "meta.function-call",
                "meta.method-call",
                "variable.function"
            ],
            "settings": {
                "foreground": "#3fc56b"
            }
        },
        {
            "name": "Classes",
            "scope": [
                "support.class",
                "entity.name.class",
                "entity.name.type.class",
                "meta.class.instance",
                "meta.class.inheritance",
                "entity.other.inherited-class",
                "entity.name.type",
                "variable.other.constant.elixir",
                "storage.type.haskell",
                "support.type.graphql",
                "support.type.enum.graphql"
            ],
            "settings": {
                "foreground": "#ff6480"
            }
        },
        {
            "name": "Methods",
            "scope": "keyword.other.special-method",
            "settings": {
                "foreground": "#3fc56b"
            }
        },
        {
            "name": "Storage",
            "scope": ["storage", "constant.language"],
            "settings": {
                "foreground": "#10b1fe"
            }
        },
        {
            "name": "Support",
            "scope": "support.function",
            "settings": {
                "foreground": "#3fc56b"
            }
        },
        {
            "name": "Strings, Inherited Class",
            "scope": [
                "string",
                "punctuation.definition.string",
                "support.constant.property-value",
                "string.quoted.double.shell",
                "support.function.variable.quoted.single.elixir",
                "storage.type.string"
            ],
            "settings": {
                "foreground": "#f9c859"
            }
        },
        {
            "name": "Integers",
            "scope": ["constant.numeric", "variable.other.anonymous.elixir"],
            "settings": {
                "foreground": "#ff78f8"
            }
        },
        {
            "name": "Floats",
            "scope": "none",
            "settings": {
                "foreground": "#ff78f8"
            }
        },
        {
            "name": "Boolean",
            "scope": "none",
            "settings": {
                "foreground": "#10b1fe"
            }
        },
        {
            "name": "Constants",
            "scope": [
                "constant",
                "variable.other.constant",
                "punctuation.definition.constant",
                "constant.other.symbol",
                "constant.language.symbol",
                "support.constant",
                "support.variable.magic.python",
                "variable.other.enummember"
            ],
            "settings": {
                "foreground": "#9f7efe"
            }
        },
        {
            "name": "Tags",
            "scope": ["entity.name.tag", "punctuation.definition.tag"],
            "settings": {
                "foreground": "#3691ff"
            }
        },
        {
            "name": "Attribute IDs",
            "scope": [
                "entity.other.attribute-name",
                "string.unquoted.alias.graphql"
            ],
            "settings": {
                "foreground": "#ff936a"
            }
        },
        {
            "name": "Selector",
            "scope": "meta.selector",
            "settings": {
                "foreground": "#7a82da"
            }
        },
        {
            "name": "Values",
            "scope": "none",
            "settings": {
                "foreground": "#ff78f8"
            }
        },
        {
            "name": "Headings",
            "scope": [
                "markup.heading",
                "punctuation.definition.heading",
                "entity.name.section",
                "markup.heading.setext"
            ],
            "settings": {
                "fontStyle": "",
                "foreground": "#f9c859"
            }
        },
        {
            "name": "Units",
            "scope": "keyword.other.unit",
            "settings": {
                "foreground": "#f9c859"
            }
        },
        {
            "name": "Bold",
            "scope": ["markup.bold", "punctuation.definition.bold"],
            "settings": {
                "fontStyle": "bold",
                "foreground": "#ff6480"
            }
        },
        {
            "name": "Italic",
            "scope": ["markup.italic", "punctuation.definition.italic"],
            "settings": {
                "foreground": "#ff936a"
            }
        },
        {
            "name": "Code",
            "scope": "markup.raw.inline",
            "settings": {
                "foreground": "#f9c859"
            }
        },
        {
            "name": "Link Text",
            "scope": "string.other.link",
            "settings": {
                "foreground": "#3691ff"
            }
        },
        {
            "name": "Link Url",
            "scope": "meta.link",
            "settings": {
                "foreground": "#10b1fe"
            }
        },
        {
            "name": "Lists",
            "scope": "beginning.punctuation.definition.list",
            "settings": {
                "foreground": "#ce9887"
            }
        },
        {
            "name": "Quotes",
            "scope": "markup.quote",
            "settings": {
                "foreground": "#9f7efe"
            }
        },
        {
            "name": "Separator",
            "scope": "meta.separator",
            "settings": {
                "foreground": "#abb2bf"
            }
        },
        {
            "name": "Inserted",
            "scope": "markup.inserted",
            "settings": {
                "foreground": "#3fc56b"
            }
        },
        {
            "name": "Deleted",
            "scope": "markup.deleted",
            "settings": {
                "foreground": "#ff6480"
            }
        },
        {
            "name": "Changed",
            "scope": "markup.changed",
            "settings": {
                "foreground": "#10b1fe"
            }
        },
        {
            "name": "Regular Expressions",
            "scope": "string.regexp",
            "settings": {
                "foreground": "#f9c859"
            }
        },
        {
            "name": "Escape Characters",
            "scope": [
                "constant.character.escape",
                "constant.other.character-class"
            ],
            "settings": {
                "foreground": "#ff936a"
            }
        },
        {
            "name": "Embedded",
            "scope": "variable.interpolation",
            "settings": {
                "foreground": "#10b1fe"
            }
        },
        {
            "name": "Illegal",
            "scope": "invalid",
            "settings": {
                "foreground": "#fc2f52"
            }
        },
        {
            "name": "New Operator",
            "scope": "keyword.operator.new",
            "settings": {
                "foreground": "#10b1fe"
            }
        },
        {
            "name": "Css ID",
            "scope": "entity.other.attribute-name.id",
            "settings": {
                "foreground": "#ff6480"
            }
        },
        {
            "name": "Function Parameters",
            "scope": "meta.function-call.arguments",
            "settings": {
                "foreground": "#abb2bf"
            }
        },
        {
            "name": "Object Properties",
            "scope": [
                "meta.object-literal.key",
                "meta.object.member",
                "variable.other.property",
                "variable.other.object.property",
                "support.variable.property",
                "variable.object.property",
                "support.type.property-name",
                "meta.property-name",
                "entity.name.tag.yaml",
                "constant.other.key",
                "constant.other.object.key.js",
                "string.unquoted.label.js",
                "support.type.map.key",
                "variable.graphql"
            ],
            "settings": {
                "foreground": "#ce9887"
            }
        },
        {
            "name": "Markup Code",
            "scope": [
                "markup.inline.raw",
                "markup.fenced_code.block",
                "markup.raw.block"
            ],
            "settings": {
                "foreground": "#ce9887"
            }
        },
        {
            "name": "Markup Link Image",
            "scope": "markup.underline.link.image",
            "settings": {
                "foreground": "#3fc56b"
            }
        },
        {
            "name": "Variable Parameter",
            "scope": [
                "variable.parameter",
                "parameter.variable.function.elixir",
                "variable.other.block.ruby"
            ],
            "settings": {
                "foreground": "#8bcdef"
            }
        },
        {
            "name": "Type Primitive",
            "scope": ["support.type.primitive", "support.type.builtin"],
            "settings": {
                "foreground": "#10b1fe"
            }
        },
        {
            "name": "BASH: Command Substitution",
            "scope": "string.interpolated.dollar.shell",
            "settings": {
                "foreground": "#ff6480"
            }
        },
        {
            "name": "BASH: Math Operation",
            "scope": "string.other.math.shell",
            "settings": {
                "foreground": "#3691ff"
            }
        },
        {
            "name": "BASH: Substitution",
            "scope": [
                "punctuation.definition.string.begin.shell",
                "punctuation.definition.string.end.shell"
            ],
            "settings": {
                "foreground": "#7a82da"
            }
        },
        {
            "name": "CSV Rainbow 4",
            "scope": "comment.rainbow4",
            "settings": {
                "foreground": "#ce9887"
            }
        },
        {
            "name": "CSV Rainbow 9",
            "scope": "markup.bold.rainbow9",
            "settings": {
                "foreground": "#9f7efe",
                "fontStyle": ""
            }
        },
        {
            "name": "CSV Rainbow 10",
            "scope": "invalid.rainbow10",
            "settings": {
                "foreground": "#ff936a"
            }
        }
    ]
}
